{
    "camera": {
        "fov": 50,
        "position": [
            -17.30807876586914,
            4.813059329986572,
            1.7997431755065918
        ],
        "target": [
            0.44654429952839436,
            -0.04732042231445677,
            1.148710637699832
        ],
        "startAnim": "none",
        "animTrack": null
    },
    "background": {
        "color": [
            0.4,
            0.4,
            0.4
        ]
    },
    "animTracks": []
}